name,state,year,state_pop,Male,female,white,share_white,Black,share_black,India,share India,Asian,share_asian,overage18,share_18,overage65, share_65 ,median_income,mean_income, Unemp_rate ,Pop_change,rental,rental_grow
Alabama,AL,2016,"4,863,300","2,356,052","2,507,248","3,316,384",0.68,"1,301,102",0.27,"62,780",0.01,"89,230",0.02,"3,712,212",0.149,"3,930,579",0.1,"59,764","78,413",0.064,"4,321",943.0925713,0.063799727
Arizona,AZ,2016,"741,894","390,573","351,321","477,895",0.64,"23,753",0.03,"149,430",0.2,"63,855",0.09,"532,244",0.084,"572,880",0.042,"88,604","103,554",0.08,"3,462",1204.576473,-0.014810681
California,CA,2016,"6,931,071","3,444,228","3,486,843","5,254,944",0.76,"299,674",0.04,"424,955",0.06,"322,251",0.05,"5,035,771",0.141,"5,714,007",0.09,"63,877","85,227",0.065,"103,006",992.2057281,0.055347884
Colorado,CO,2016,"2,988,248","1,468,782","1,519,466","2,290,066",0.77,"464,516",0.16,"63,583",0.02,"60,225",0.02,"2,224,112",0.152,"2,389,608",0.105,"55,484","73,091",0.051,"10,044",822.6475652,-0.074455066
Connecticut,CT,2016,"39,250,017","19,491,231","19,758,786","23,420,234",0.6,"2,265,280",0.06,"799,889",0.02,"6,717,391",0.17,"25,838,830",0.127,"31,575,203",0.103,"77,359","108,073",0.065,"105,199",1629.589623,0.041347139
Florida,FL,2016,"5,540,545","2,790,701","2,749,844","4,654,921",0.84,"234,142",0.04,"126,983",0.02,"254,210",0.05,"4,151,040",0.104,"4,570,149",0.076,"80,761","104,274",0.047,"83,971",1751.114834,0.53254597
Georgia,GA,2016,"3,576,452","1,745,153","1,831,299","2,741,892",0.77,"378,932",0.11,"35,881",0.01,"195,312",0.05,"2,614,365",0.089,"2,933,506",0.065,"94,449","127,843",0.064,"-14,434",1262.090364,0.025850081
Idaho,ID,2016,"952,065","460,232","491,833","659,091",0.69,"209,911",0.22,"10,015",0.01,"45,175",0.05,"720,867",0.101,"788,299",0.069,"74,251","94,643",0.057,"6,131",1139.506009,-0.045985298
Illinois,IL,2016,"20,612,439","10,070,860","10,541,579","15,574,165",0.76,"3,310,428",0.16,"171,405",0.01,"774,567",0.04,"15,327,815",0.17,"17,561,780",0.134,"61,289","84,770",0.069,"341,167",1142.469527,0.037883055
Iowa,IA,2016,"10,310,371","5,018,150","5,292,221","6,054,861",0.59,"3,254,495",0.32,"92,014",0.01,"509,357",0.05,"7,486,799",0.131,"8,312,043",0.104,"65,018","87,774",0.06,"95,511",932.7701952,0.010528636
Maine,ME,2016,"1,428,557","718,057","710,500","357,994",0.25,"25,898",0.02,"30,383",0.02,"807,332",0.57,"1,016,506",0.137,"1,147,756",0.101,"86,768","108,116",0.06,"-3,046",2079.28531,0.017450992
Maryland,MD,2016,"1,683,140","841,203","841,937","1,510,119",0.9,"11,437",0.01,"41,448",0.02,"45,610",0.03,"1,252,414",0.091,"1,357,737",0.089,"63,182","79,746",0.044,"28,210",823.1532945,0.062231813
Minnesota,MN,2016,"12,801,539","6,289,724","6,511,815","9,123,763",0.71,"1,813,477",0.14,"100,555",0.01,"831,487",0.06,"9,074,766",0.132,"10,216,304",0.1,"76,950","100,978",0.047,"-58,456",876.7276917,-0.061690376
Montana,MT,2016,"6,633,053","3,267,337","3,365,716","5,536,418",0.83,"617,745",0.09,"48,290",0.01,"193,559",0.03,"4,935,180",0.115,"5,303,153",0.092,"66,032","82,886",0.063,"13,373",763.2270533,0.00245159
New Hampshire,NH,2016,"3,134,693","1,556,668","1,578,025","2,834,162",0.9,"111,867",0.04,"27,116",0.01,"98,900",0.03,"2,327,219",0.124,"2,506,580",0.077,"72,351","88,997",0.05,"10,794",871.8648798,-0.014138847
New Jersey,NJ,2016,"2,907,289","1,448,853","1,458,436","2,458,966",0.85,"166,551",0.06,"64,801",0.02,"107,317",0.04,"2,091,514",0.108,"2,284,670",0.069,"70,792","89,261",0.039,"-4,352",807.110021,0.059195301
North Carolina,NC,2016,"4,436,974","2,179,814","2,257,160","3,866,333",0.87,"366,157",0.08,"29,444",0.01,"87,095",0.02,"3,368,919",0.115,"3,572,054",0.08,"59,023","77,077",0.045,"11,882",898.2777082,0.04231392
Oregon,OR,2016,"4,681,666","2,291,880","2,389,786","2,901,495",0.62,"1,514,755",0.32,"58,123",0.01,"101,220",0.02,"3,459,079",0.165,"3,682,861",0.111,"57,490","78,660",0.06,"10,942",1031.934642,-0.036401239
Pennsylvania,PA,2016,"1,331,479","650,702","680,777","1,257,120",0.94,"19,963",0.01,"22,607",0.02,"23,286",0.02,"1,070,661",0.175,"1,120,239",0.13,"68,277","83,973",0.07,"2,151",1331.720787,0.06496267
South Dakota,SD,2016,"6,016,447","2,917,773","3,098,674","3,397,255",0.56,"1,793,593",0.3,"60,221",0.01,"459,537",0.08,"4,320,150",0.114,"4,852,950",0.091,"95,336","119,462",0.044,"10,046",1160.986574,0.015415689
Tennessee,TN,2016,"6,811,779","3,305,817","3,505,962","5,350,175",0.79,"506,677",0.07,"52,093",0.01,"540,441",0.08,"5,035,804",0.088,"5,703,665",0.082,"95,207","122,310",0.054,"17,357",1523.206067,0.043336235
Texas,TX,2016,"9,928,300","4,883,220","5,045,080","7,793,481",0.78,"1,363,336",0.14,"146,197",0.01,"393,744",0.04,"7,542,878",0.096,"8,092,018",0.085,"67,330","87,436",0.053,"5,724",889.5164322,0.047946121
Utah,UT,2016,"5,519,952","2,747,946","2,772,006","4,596,566",0.83,"331,308",0.06,"112,850",0.02,"328,249",0.06,"4,106,914",0.133,"4,451,949",0.081,"83,344","104,507",0.062,"30,358",1071.285097,0.014990145
Vermont,VT,2016,"2,988,726","1,440,934","1,547,792","1,748,734",0.59,"1,134,958",0.38,"20,404",0.01,"38,212",0.01,"2,240,658",0.09,"2,362,681",0.072,"52,672","69,954",0.038,"-3,607",935.0720744,0.108561004
Virginia,VA,2016,"6,093,000","2,994,651","3,098,349","5,011,507",0.82,"702,946",0.12,"79,954",0.01,"159,166",0.03,"4,633,370",0.179,"4,907,003",0.123,"65,058","84,680",0.077,"9,328",846.8573669,0.028511821
Washington,WA,2016,"1,042,520","526,023","516,497","927,374",0.89,"3,949",0,"87,853",0.08,"15,317",0.01,"823,668",0.124,"857,868",0.082,"66,288","85,935",0.049,"9,571",852.8199986,0.014825918
Wyoming,WY,2016,"1,907,116","950,124","956,992","1,674,863",0.88,"89,879",0.05,"35,790",0.02,"63,282",0.03,"1,380,260",0.128,"1,506,189",0.089,"73,488","91,006",0.048,"10,926",899.1530664,0.038750631
Arizona,AZ,2017,"2,940,058","1,473,153","1,466,905","1,966,690",0.67,"260,993",0.09,"71,817",0.02,"318,010",0.11,"2,075,166",0.105,"2,420,990",0.078,"65,384","84,294",0.037,"49,213",1104.499769,0.063461356
California,CA,2017,"1,334,795","664,722","670,073","1,247,155",0.93,"16,671",0.01,"11,622",0.01,"46,745",0.04,"1,069,812",0.122,"1,129,682",0.087,"86,696","107,498",0.067,"4,187",1181.381117,0.053251028
Colorado,CO,2017,"8,944,469","4,370,211","4,574,258","6,090,908",0.68,"1,194,585",0.13,"56,649",0.01,"956,049",0.11,"6,198,334",0.072,"7,183,569",0.046,"94,546","123,820",0.036,"-13,544",1379.234335,0.025341588
Connecticut,CT,2017,"2,081,015","1,030,224","1,050,791","1,539,634",0.74,"41,043",0.02,"226,911",0.11,"47,195",0.02,"1,507,384",0.093,"1,673,778",0.083,"56,802","75,682",0.06,"-4,094",841.1684817,0.028257058
Florida,FL,2017,"19,745,289","9,582,050","10,163,239","12,530,463",0.63,"3,080,534",0.16,"207,373",0.01,"1,879,261",0.1,"13,770,029",0.166,"15,945,017",0.115,"77,379","109,325",0.075,"-50,502",1185.680621,-0.030524842
Georgia,GA,2017,"10,146,788","4,933,381","5,213,407","6,989,065",0.69,"2,182,212",0.22,"205,652",0.02,"376,535",0.04,"7,629,700",0.131,"8,352,567",0.114,"62,289","83,110",0.059,"103,986",981.558972,0.05633607
Idaho,ID,2017,"757,953","390,181","367,772","660,919",0.87,"19,250",0.03,"50,434",0.07,"18,212",0.02,"567,351",0.135,"601,874",0.094,"79,530","96,337",0.062,"1,025",902.492742,0
Illinois,IL,2017,"11,614,373","5,691,600","5,922,773","9,476,221",0.82,"1,443,510",0.12,"104,484",0.01,"345,724",0.03,"8,863,920",0.102,"9,407,612",0.079,"66,722","85,971",0.028,950,801.5510642,-0.013173731
Iowa,IA,2017,"3,923,561","1,943,273","1,980,288","2,841,467",0.72,"287,373",0.07,"533,348",0.14,"111,634",0.03,"2,852,665",0.128,"3,089,116",0.081,"61,633","79,317",0.057,"12,223",863.5411321,0.004696888
Maine,ME,2017,"4,093,465","2,026,038","2,067,427","3,455,810",0.84,"79,575",0.02,"124,112",0.03,"257,861",0.06,"3,098,171",0.141,"3,417,703",0.086,"70,929","91,056",0.06,"64,488",1203.133962,0.10591736
Maryland,MD,2017,"12,784,227","6,262,870","6,521,357","10,340,877",0.81,"1,407,047",0.11,"89,728",0.01,"536,235",0.04,"9,781,212",0.124,"10,470,798",0.075,"72,313","93,966",0.057,"-18,276",913.4823082,0.005353162
Minnesota,MN,2017,"1,056,426","511,358","545,068","850,105",0.8,"67,526",0.06,"11,871",0.01,"45,191",0.04,"803,077",0.114,"881,487",0.078,"77,940","98,328",0.058,128,1173.703321,0.054177491
Montana,MT,2017,"4,961,119","2,405,343","2,555,776","3,342,552",0.67,"1,337,644",0.27,"53,066",0.01,"107,491",0.02,"3,850,077",0.117,"4,105,778",0.091,"61,535","80,819",0.059,"64,973",1027.886564,0.048499523
New Hampshire,NH,2017,"865,454","435,668","429,786","732,939",0.85,"14,524",0.02,"92,049",0.11,"17,534",0.02,"647,089",0.13,"690,183",0.086,"70,853","85,597",0.063,"6,985",837.3281149,0
New Jersey,NJ,2017,"6,651,194","3,247,058","3,404,136","5,177,478",0.78,"1,114,434",0.17,"55,944",0.01,"155,876",0.02,"5,075,166",0.12,"5,431,337",0.109,"60,659","80,669",0.039,"50,895",950.0289875,0.031826853
North Carolina,NC,2017,"27,862,596","13,830,953","14,031,643","20,702,709",0.74,"3,362,283",0.12,"351,369",0.01,"1,648,133",0.06,"18,502,334",0.137,"22,117,923",0.089,"67,025","91,361",0.055,"393,482",995.7047513,-0.01357217
Oregon,OR,2017,"3,051,217","1,538,145","1,513,072","2,633,283",0.86,"32,800",0.01,"56,454",0.02,"115,638",0.04,"2,087,341",0.132,"2,329,530",0.105,"74,181","92,548",0.056,"55,298",1086.027949,0.060749923
Pennsylvania,PA,2017,"624,594","307,874","316,720","589,379",0.94,"7,893",0.01,"7,315",0.01,"15,706",0.03,"500,274",0.098,"525,088",0.067,"74,805","92,503",0.041,"-1,448",0,0
South Dakota,SD,2017,"8,411,808","4,135,485","4,276,323","5,707,035",0.68,"1,601,868",0.19,"90,683",0.01,"688,297",0.08,"6,213,686",0.112,"6,857,913",0.087,"83,306","110,321",0.039,"28,815",1105.958759,0.028493258
Tennessee,TN,2017,"7,288,000","3,639,726","3,648,274","5,516,602",0.76,"266,977",0.04,"226,088",0.03,"857,031",0.12,"5,355,539",0.1,"6,052,827",0.078,"81,234","105,101",0.05,"117,649",1107.25752,0.054869566
Texas,TX,2017,"1,831,102","900,913","930,189","1,704,195",0.93,"69,721",0.04,"9,599",0.01,"19,875",0.01,"1,431,158",0.106,"1,487,470",0.076,"56,703","71,880",0.054,"-13,026",1019.286977,0
Utah,UT,2017,"5,778,709","2,872,921","2,905,788","4,941,688",0.86,"361,653",0.06,"90,189",0.02,"201,356",0.03,"4,401,754",0.163,"4,693,498",0.095,"72,891","90,361",0.076,"7,372",1042.593845,0.024280567
Vermont,VT,2017,"585,501","298,205","287,296","538,819",0.92,"5,970",0.01,"21,867",0.04,"8,317",0.01,"433,644",0.106,"460,122",0.076,"73,574","88,958",0.041,-606,905.149616,0.058345486
Virginia,VA,2017,"4,874,747","2,359,896","2,514,851","3,312,718",0.68,"25,181",0.01,"62,780",0.01,"66,908",0.01,"3,712,212",0.114,"3,930,579",0.085,"48,123","66,337",0.056,"11,447",967.7740051,0.026170743
Washington,WA,2017,"739,795","385,776","354,019","474,856",0.64,"109,948",0.15,"149,430",0.2,"49,385",0.07,"532,244",9.80%,"572,880",0.074,"73,181","92,674",0.076,"-2,099",1193.591536,-0.009119335
Wyoming,WY,2017,"7,016,270","3,487,722","3,528,548","5,442,417",0.78,"317,974",0.05,"424,955",0.06,"232,517",0.03,"5,035,771",13.10%,"5,714,007",0.09,"56,581","77,451",0.058,"85,199",1047.010898,0.055235692
Arizona,AZ,2018,"3,004,279","1,479,682","1,524,597","2,293,307",0.76,"19,110",0.01,"63,583",0.02,"47,885",0.02,"2,224,112",14.50%,"2,389,608",0.102,"45,869","63,560",0.056,"16,031",872.0260758,0.060023894
California,CA,2018,"39,536,653","19,650,051","19,886,602","23,181,769",0.59,"313,859",0.01,"799,889",0.02,"5,765,305",0.15,"25,838,830",11.90%,"31,575,203",0.102,"71,805","101,761",0.059,"286,636",1744.01716,0.070218622
Colorado,CO,2018,"5,607,154","2,820,169","2,786,985","4,720,495",0.84,"56,792",0.01,"126,983",0.02,"179,251",0.03,"4,151,040",9.80%,"4,570,149",0.078,"69,117","92,465",0.042,"66,609",1846.762086,0.054620776
Connecticut,CT,2018,"3,588,184","1,750,647","1,837,537","2,723,013",0.76,"11,268",0,"35,881",0.01,"163,924",0.05,"2,614,365",8.80%,"2,933,506",0.071,"74,168","107,420",0.061,"11,732",1294.181984,0.025427356
Florida,FL,2018,"961,939","465,510","496,429","662,084",0.69,"2,729",0,"10,015",0.01,"38,930",0.04,"720,867",12.30%,"788,299",0.085,"62,852","86,577",0.053,"9,874",1149.42191,0.008701929
Georgia,GA,2018,"20,984,400","10,254,267","10,730,133","15,768,315",0.75,"63,635",0,"171,405",0.01,"588,087",0.03,"15,327,815",14.60%,"17,561,780",0.142,"52,594","76,053",0.066,"371,961",1242.534438,0.087586504
Idaho,ID,2018,"10,429,379","5,070,721","5,358,658","6,122,956",0.59,"36,855",0,"92,014",0.01,"410,915",0.04,"7,486,799",12.50%,"8,312,043",0.102,"56,183","79,157",0.055,"119,008",933.2804179,0.000546997
Illinois,IL,2018,"1,427,538","716,350","711,188","357,113",0.25,"2,661",0,"30,383",0.02,"545,639",0.38,"1,016,506",13.00%,"1,147,756",0.101,"77,765","98,553",0.058,"-1,019",2120.634047,0.019886033
Iowa,IA,2018,"1,716,943","862,720","854,223","1,546,011",0.9,"21,589",0.01,"41,448",0.02,"23,113",0.01,"1,252,414",9.00%,"1,357,737",0.093,"52,225","69,958",0.042,"33,803",932.5777877,0.132933311
Maine,ME,2018,"12,802,023","6,294,900","6,507,123","9,119,912",0.71,"29,910",0,"100,555",0.01,"694,968",0.05,"9,074,766",11.90%,"10,216,304",0.081,"62,992","88,160",0.041,484,875.8862099,-0.000959798
Maryland,MD,2018,"6,666,818","3,286,152","3,380,666","5,577,897",0.84,"12,397",0,"48,290",0.01,"148,366",0.02,"4,935,180",11.20%,"5,303,153",0.086,"54,181","71,510",0.061,"33,765",794.546352,0.041035362
Minnesota,MN,2018,"3,145,711","1,562,265","1,583,446","2,831,066",0.9,"10,791",0,"27,116",0.01,"81,714",0.03,"2,327,219",12.00%,"2,506,580",0.077,"58,570","75,455",0.047,"11,018",897.4384687,0.029332055
Montana,MT,2018,"2,913,123","1,452,573","1,460,550","2,462,215",0.85,"21,426",0.01,"64,801",0.02,"85,840",0.03,"2,091,514",10.20%,"2,284,670",0.066,"56,422","75,822",0.036,"5,834",810.1732124,0.003795259
New Hampshire,NH,2018,"4,454,189","2,194,850","2,259,339","3,872,670",0.87,"7,777",0,"29,444",0.01,"64,878",0.01,"3,368,919",10.90%,"3,572,054",0.073,"48,375","67,090",0.042,"17,215",933.3988638,0.039098327
New Jersey,NJ,2018,"4,684,333","2,289,695","2,394,638","2,890,818",0.62,"23,848",0.01,"58,123",0.01,"84,816",0.02,"3,459,079",15.70%,"3,682,861",0.103,"46,145","65,910",0.055,"2,667",1059.93147,0.027130427
North Carolina,NC,2018,"1,335,907","654,763","681,144","1,261,611",0.94,"9,340",0.01,"22,607",0.02,"15,157",0.01,"1,070,661",17.10%,"1,120,239",0.12,"56,277","73,598",0.065,"4,428",1389.093272,0.043081467
Oregon,OR,2018,"6,052,177","2,935,822","3,116,355","3,322,483",0.55,"18,931",0,"60,221",0.01,"391,328",0.06,"4,320,150",10.60%,"4,852,950",0.081,"80,776","106,035",0.042,"35,730",1183.564979,0.019447601
Pennsylvania,PA,2018,"6,859,819","3,333,270","3,526,549","5,387,411",0.79,"15,097",0,"52,093",0.01,"452,717",0.07,"5,035,804",8.50%,"5,703,665",0.079,"77,385","106,641",0.052,"48,040",1579.238245,0.036785685
South Dakota,SD,2018,"9,962,311","4,907,242","5,055,069","7,814,775",0.78,"53,461",0.01,"146,197",0.01,"308,052",0.03,"7,542,878",9.70%,"8,092,018",0.09,"54,909","75,449",0.046,"34,011",932.061196,0.047829093
Tennessee,TN,2018,"5,576,606","2,780,714","2,795,892","4,610,465",0.83,"60,803",0.01,"112,850",0.02,"273,194",0.05,"4,106,914",12.60%,"4,451,949",0.085,"68,388","90,915",0.059,"56,654",1103.209796,0.029800376
Texas,TX,2018,"2,984,100","1,446,473","1,537,627","1,735,887",0.58,"13,746",0,"20,404",0.01,"27,694",0.01,"2,240,658",8.80%,"2,362,681",0.07,"43,529","60,017",0.036,"-4,626",947.9143689,0.013734016
Utah,UT,2018,"6,113,532","3,002,694","3,110,838","5,013,597",0.82,"25,567",0,"79,954",0.01,"124,518",0.02,"4,633,370",17.50%,"4,907,003",0.137,"53,578","72,959",0.07,"20,532",870.4138775,0.027816385
Vermont,VT,2018,"1,050,493","526,357","524,136","930,548",0.89,"64,908",0.06,"87,853",0.08,"7,366",0.01,"823,668",11.90%,"857,868",0.087,"53,386","70,994",0.046,"7,973",831.1935166,-0.025358788
Virginia,VA,2018,"1,920,076","959,273","960,803","1,677,092",0.87,"15,619",0.01,"35,790",0.02,"47,118",0.02,"1,380,260",11.90%,"1,506,189",0.072,"59,970","77,235",0.035,"12,960",924.9688254,0.028711195
Washington,WA,2018,"2,998,039","1,506,252","1,491,787","1,936,859",0.65,"37,910",0.01,"71,817",0.02,"255,025",0.09,"2,075,166",9.70%,"2,420,990",0.072,"58,003","78,424",0.033,"57,981",1190.189646,0.077582521
Wyoming,WY,2018,"1,342,795","665,741","677,054","1,249,751",0.93,"1,785",0,"11,622",0.01,"35,663",0.03,"1,069,812",11.40%,"1,129,682",0.085,"73,381","94,780",0.059,"8,000",1186.493717,0.004327647
Arizona,AZ,2019,"9,005,644","4,396,848","4,608,796","6,112,238",0.68,"17,843",0,"56,649",0.01,"886,261",0.1,"6,198,334",7.10%,"7,183,569",0.058,"80,088","110,120",0.038,"61,175",1415.162222,0.026049154
California,CA,2019,"2,088,070","1,034,144","1,053,926","1,582,020",0.76,"199,887",0.1,"226,911",0.11,"29,427",0.01,"1,507,384",8.90%,"1,673,778",0.084,"46,744","64,604",0.053,"7,055",967.606511,0.150312371
Colorado,CO,2019,"19,849,399","9,637,896","10,211,503","12,523,357",0.63,"76,069",0,"207,373",0.01,"1,734,663",0.09,"13,770,029",17.30%,"15,945,017",0.122,"64,894","97,116",0.066,"104,110",1228.653466,0.036243188
Connecticut,CT,2019,"10,273,419","4,998,538","5,274,881","7,066,745",0.69,"119,909",0.01,"205,652",0.02,"295,672",0.03,"7,629,700",12.60%,"8,352,567",0.114,"52,752","74,106",0.055,"126,631",1018.139072,0.037267348
Florida,FL,2019,"755,393","388,300","367,093","654,116",0.87,"41,706",0.06,"50,434",0.07,"12,699",0.02,"567,351",12.80%,"601,874",0.091,"61,843","80,663",0.053,"-2,560",877.0209123,-0.028223861
Georgia,GA,2019,"11,658,609","5,709,254","5,949,355","9,480,074",0.81,"23,720",0,"104,484",0.01,"257,518",0.02,"8,863,920",10.10%,"9,407,612",0.099,"54,021","73,337",0.029,"44,236",826.6262176,0.031283289
Idaho,ID,2019,"3,930,864","1,948,986","1,981,878","2,837,492",0.72,"302,400",0.08,"533,348",0.14,"86,704",0.02,"2,852,665",12.20%,"3,089,116",0.077,"50,051","68,020",0.052,"7,303",874.2631146,0.012416296
Illinois,IL,2019,"4,142,776","2,054,016","2,088,760","3,497,242",0.84,"47,692",0.01,"124,112",0.03,"181,659",0.04,"3,098,171",14.00%,"3,417,703",0.091,"60,212","80,144",0.054,"49,311",1243.82652,0.033822134
Iowa,IA,2019,"12,805,537","6,272,521","6,533,016","10,339,488",0.81,"23,523",0,"89,728",0.01,"444,588",0.03,"9,781,212",12.40%,"10,470,798",0.087,"59,195","81,006",0.051,"21,310",941.1925235,0.030334704
Maine,ME,2019,"1,059,639","513,198","546,441","866,258",0.82,"5,580",0.01,"11,871",0.01,"38,058",0.04,"803,077",11.30%,"881,487",0.085,"63,870","85,279",0.053,"3,213",1231.271103,0.049047985
Maryland,MD,2019,"5,024,369","2,436,902","2,587,467","3,380,219",0.67,"15,007",0,"53,066",0.01,"76,181",0.02,"3,850,077",10.40%,"4,105,778",0.09,"50,570","70,214",0.057,"63,250",1069.747604,0.04072535
Minnesota,MN,2019,"869,666","438,429","431,237","736,581",0.85,"76,078",0.09,"92,049",0.11,"10,775",0.01,"647,089",13.30%,"690,183",0.092,"56,521","73,458",0.058,"4,212",853.7074791,0.019561464
Montana,MT,2019,"6,715,984","3,272,135","3,443,849","5,221,591",0.78,"14,637",0,"55,944",0.01,"119,115",0.02,"5,075,166",11.80%,"5,431,337",0.08,"51,340","72,008",0.035,"64,790",980.0063764,0.031554183
New Hampshire,NH,2019,"28,304,596","14,062,701","14,241,895","20,929,140",0.74,"135,098",0,"351,369",0.01,"1,360,248",0.05,"18,502,334",13.10%,"22,117,923",0.092,"59,206","82,768",0.049,"442,000",1035.04183,0.03950677
New Jersey,NJ,2019,"3,101,833","1,563,433","1,538,400","2,657,013",0.86,"32,694",0.01,"56,454",0.02,"75,691",0.02,"2,087,341",12.50%,"2,329,530",0.108,"68,358","86,442",0.051,"50,616",1151.151076,0.059964504
North Carolina,NC,2019,"623,657","307,810","315,847","587,265",0.94,"2,355",0,"7,315",0.01,"11,270",0.02,"500,274",9.30%,"525,088",0.064,"57,513","76,560",0.036,-937,1357.157582,0
Oregon,OR,2019,"8,470,020","4,163,754","4,306,266","5,714,699",0.67,"26,792",0,"90,683",0.01,"545,776",0.06,"6,213,686",10.70%,"6,857,913",0.071,"71,535","97,639",0.038,"58,212",1135.239204,0.026475169
Pennsylvania,PA,2019,"7,405,743","3,698,615","3,707,128","5,582,361",0.75,"93,038",0.01,"226,088",0.03,"632,156",0.09,"5,355,539",9.70%,"6,052,827",0.071,"70,979","94,297",0.046,"117,743",1192.085064,0.076610493
South Dakota,SD,2019,"1,815,857","897,166","918,691","1,684,321",0.93,"2,438",0,"9,599",0.01,"13,733",0.01,"1,431,158",10.10%,"1,487,470",0.08,"43,469","59,557",0.049,"-15,245",905.0185748,-0.112106212
Tennessee,TN,2019,"5,795,483","2,880,454","2,915,029","4,942,176",0.85,"49,261",0.01,"90,189",0.02,"159,530",0.03,"4,401,754",17.30%,"4,693,498",0.102,"59,305","77,369",0.067,"16,774",928.4810939,-0.10945082
Texas,TX,2019,"579,315","295,779","283,536","528,414",0.91,"13,944",0.02,"21,867",0.04,"4,832",0.01,"433,644",10.40%,"460,122",0.078,"60,434","75,855",0.035,"-6,186",902.9615996,-0.002417298
Utah,UT,2019,"4,887,871","2,369,271","2,518,600","3,394,273",0.69,"1,349,621",0.28,"62,780",0.01,"89,230",0.02,"3,712,212",10.70%,"3,930,579",0.084,"63,837","82,884",0.052,"13,124",995.9620672,0.029126699
Vermont,VT,2019,"737,438","382,952","354,486","529,846",0.72,"36,659",0.05,"149,430",0.2,"63,855",0.09,"532,244",41.10%,"572,880",0.389,"89,847","109,619",0.164,"-2,357",1203.581796,0.008369915
Virginia,VA,2019,"7,171,646","3,565,129","3,606,517","5,838,911",0.81,"432,062",0.06,"424,955",0.06,"322,251",0.04,"5,035,771",0.7,"5,714,007",0.797,"69,981","92,154",0.054,"155,376",1196.016179,0.142314928
Washington,WA,2019,"3,013,825","1,476,680","1,537,145","2,387,735",0.79,"487,767",0.16,"63,583",0.02,"60,225",0.02,"2,224,112",0.74,"2,389,608",0.793,"58,080","79,300",0.045,"9,546",887.5433524,0.01779451
Wyoming,WY,2019,"39,557,045","19,673,553","19,883,492","25,188,735",0.64,"2,788,457",0.07,"799,889",0.02,"6,717,391",0.17,"25,838,830",0.65,"31,575,203",0.798,"86,165","119,820",0.055,"20,392",1838.495449,0.054172798
Arizona,AZ,2020,"5,695,564","2,864,761","2,830,803","4,997,140",0.88,"311,745",0.05,"126,983",0.02,"254,210",0.04,"4,151,040",0.73,"4,570,149",0.802,"88,955","114,334",0.039,"88,410",1971.635918,0.067617715
California,CA,2020,"3,572,665","1,740,533","1,832,132","2,787,851",0.78,"461,513",0.13,"35,881",0.01,"195,312",0.05,"2,614,365",0.73,"2,933,506",0.821,"98,100","135,132",0.055,"-15,519",1332.820909,0.029855867
Colorado,CO,2020,"967,171","467,924","499,247","681,901",0.71,"234,961",0.24,"10,015",0.01,"45,175",0.05,"720,867",0.75,"788,299",0.815,"79,386","99,558",0.057,"5,232",1181.620413,0.02801278
Connecticut,CT,2020,"21,299,325","10,404,676","10,894,649","16,428,821",0.77,"3,731,939",0.18,"171,405",0.01,"774,567",0.04,"15,327,815",0.72,"17,561,780",0.825,"66,995","93,126",0.052,"314,925",1292.48472,0.04020032
Florida,FL,2020,"10,519,475","5,120,290","5,399,185","6,365,137",0.61,"3,487,272",0.33,"92,014",0.01,"509,357",0.05,"7,486,799",0.71,"8,312,043",0.79,"71,457","96,467",0.048,"90,096",976.7623727,0.04659045
Georgia,GA,2020,"1,420,491","710,702","709,789","600,675",0.42,"53,844",0.04,"30,383",0.02,"807,332",0.57,"1,016,506",0.72,"1,147,756",0.808,"95,448","117,062",0.038,"-7,047",2155.9733,0.016664475
Idaho,ID,2020,"1,754,208","882,158","872,050","1,626,499",0.93,"22,173",0.01,"41,448",0.02,"45,610",0.03,"1,252,414",0.71,"1,357,737",0.774,"65,987","85,210",0.04,"37,265",1002.503681,0.074981298
Illinois,IL,2020,"12,741,080","6,266,062","6,475,018","9,431,680",0.74,"1,952,694",0.15,"100,555",0.01,"831,487",0.07,"9,074,766",0.71,"10,216,304",0.802,"81,313","109,310",0.055,"-60,943",856.5781926,-0.022043979
Iowa,IA,2020,"6,691,878","3,295,973","3,395,905","5,703,463",0.85,"739,547",0.11,"48,290",0.01,"193,559",0.03,"4,935,180",0.74,"5,303,153",0.792,"70,150","87,828",0.044,"25,060",824.0818246,0.03717275
Maine,ME,2020,"3,156,145","1,564,888","1,591,257","2,909,568",0.92,"151,562",0.05,"27,116",0.01,"98,900",0.03,"2,327,219",0.74,"2,506,580",0.794,"76,068","93,160",0.036,"10,434",886.8557917,-0.011792092
Maryland,MD,2020,"2,911,510","1,449,745","1,461,765","2,544,721",0.87,"218,001",0.07,"64,801",0.02,"107,317",0.04,"2,091,514",0.72,"2,284,670",0.785,"74,042","95,478",0.038,"-1,613",768.7275403,-0.051156557
Minnesota,MN,2020,"4,468,402","2,199,021","2,269,381","3,974,518",0.89,"422,416",0.09,"29,444",0.01,"87,095",0.02,"3,368,919",0.75,"3,572,054",0.799,"62,228","81,782",0.052,"14,213",953.1423417,0.021152241
Montana,MT,2020,"4,659,978","2,276,530","2,383,448","2,966,465",0.64,"1,565,302",0.34,"58,123",0.01,"101,220",0.02,"3,459,079",0.74,"3,682,861",0.79,"61,847","83,031",0.064,"-24,355",1073.63263,0.012926459
New Hampshire,NH,2020,"1,338,404","655,734","682,670","1,289,950",0.96,"27,637",0.02,"22,607",0.02,"23,286",0.02,"1,070,661",0.8,"1,120,239",0.837,"72,390","89,437",0.035,"2,497",1070.837672,-0.229110317
New Jersey,NJ,2020,"6,042,718","2,930,350","3,112,368","3,489,566",0.58,"1,932,303",0.32,"60,221",0.01,"459,537",0.08,"4,320,150",0.71,"4,852,950",0.803,"101,437","128,918",0.049,"-9,459",1212.889798,0.024776688
North Carolina,NC,2020,"6,902,149","3,350,887","3,551,262","5,538,925",0.8,"666,025",0.1,"52,093",0.01,"540,441",0.08,"5,035,804",0.73,"5,703,665",0.826,"101,548","134,463",0.048,"42,330",1648.902578,0.044112618
Oregon,OR,2020,"9,995,915","4,926,816","5,069,099","8,092,824",0.81,"1,519,646",0.15,"146,197",0.01,"393,744",0.04,"7,542,878",0.75,"8,092,018",0.81,"72,036","93,320",0.053,"33,604",979.6215152,0.051027035
Pennsylvania,PA,2020,"5,611,179","2,793,980","2,817,199","4,787,851",0.85,"445,288",0.08,"112,850",0.02,"328,249",0.06,"4,106,914",0.73,"4,451,949",0.793,"89,039","112,398",0.034,"34,573",1090.874811,-0.011180996
South Dakota,SD,2020,"2,986,530","1,446,829","1,539,701","1,776,445",0.59,"1,161,529",0.39,"20,404",0.01,"38,212",0.01,"2,240,658",0.75,"2,362,681",0.791,"57,380","73,550",0.071,"2,430",973.7749794,0.027281589
Tennessee,TN,2020,"6,126,452","3,003,165","3,123,287","5,196,815",0.85,"794,984",0.13,"79,954",0.01,"159,166",0.03,"4,633,370",0.76,"4,907,003",0.801,"69,188","89,955",0.042,"12,920",852.3092716,-0.020799997
Texas,TX,2020,"1,062,305","534,782","527,523","972,128",0.92,"9,491",0.01,"87,853",0.08,"15,317",0.01,"823,668",0.78,"857,868",0.808,"68,940","88,561",0.035,"11,812",848.1236411,0.020368451
Utah,UT,2020,"1,929,268","961,213","968,055","1,720,346",0.89,"114,414",0.06,"35,790",0.02,"63,282",0.03,"1,380,260",0.72,"1,506,189",0.781,"75,990","95,522",0.035,"9,192",956.7113856,0.034317438
Vermont,VT,2020,"3,034,392","1,522,374","1,512,018","2,050,048",0.68,"337,660",0.11,"71,817",0.02,"318,010",0.1,"2,075,166",0.68,"2,420,990",0.798,"71,864","93,915",0.056,"36,353",1296.32913,0.089178632
Virginia,VA,2020,"1,356,458","669,442","687,016","1,282,576",0.95,"34,419",0.03,"11,622",0.01,"46,745",0.03,"1,069,812",0.79,"1,129,682",0.833,"93,930","117,181",0.036,"13,663",1245.096873,0.049391881
Washington,WA,2020,"8,908,520","4,350,386","4,558,134","6,154,690",0.69,"1,335,579",0.15,"56,649",0.01,"956,049",0.11,"6,198,334",0.7,"7,183,569",0.806,"101,404","135,042",0.049,"-97,124",1460.80938,0.032255777
Wyoming,WY,2020,"2,095,428","1,039,641","1,055,787","1,658,939",0.79,"61,079",0.03,"226,911",0.11,"47,195",0.02,"1,507,384",0.72,"1,673,778",0.799,"58,760","79,184",0.061,"7,358",1009.505573,0.043301757
Arizona,AZ,2021,"19,542,209","9,491,313","10,050,896","12,879,039",0.66,"3,396,032",0.17,"207,373",0.01,"1,879,261",0.1,"13,770,029",0.7,"15,945,017",0.816,"83,311","118,065",0.05,"-307,190",1175.356545,-0.043378318
California,CA,2021,"10,383,620","5,052,244","5,331,376","7,347,405",0.71,"2,398,801",0.23,"205,652",0.02,"376,535",0.04,"7,629,700",0.73,"8,352,567",0.804,"67,816","91,208",0.05,"110,201",1062.856776,0.043921018
Colorado,CO,2021,"760,077","391,222","368,855","668,212",0.88,"29,988",0.04,"50,434",0.07,"18,212",0.02,"567,351",0.75,"601,874",0.792,"86,205","104,400",0.028,"4,684",894.1260236,0.019503653
Connecticut,CT,2021,"11,689,442","5,732,095","5,957,347","9,794,421",0.84,"1,674,699",0.14,"104,484",0.01,"345,724",0.03,"8,863,920",0.76,"9,407,612",0.805,"72,028","91,796",0.049,"30,833",847.832151,0.025653594
Florida,FL,2021,"3,943,079","1,950,076","1,993,003","3,124,653",0.79,"365,013",0.09,"533,348",0.14,"111,634",0.03,"2,852,665",0.72,"3,089,116",0.783,"64,082","83,981",0.044,"12,215",894.6749632,0.023347489
Georgia,GA,2021,"4,190,713","2,079,943","2,110,770","3,697,861",0.88,"122,063",0.03,"124,112",0.03,"257,861",0.06,"3,098,171",0.74,"3,417,703",0.816,"77,655","100,844",0.05,"47,937",1307.285866,0.05101945
Idaho,ID,2021,"12,807,060","6,271,620","6,535,440","10,543,254",0.82,"1,632,035",0.13,"89,728",0.01,"536,235",0.04,"9,781,212",0.76,"10,470,798",0.818,"77,491","100,919",0.049,"1,523",959.0667802,0.018991074
Illinois,IL,2021,"1,057,315","515,900","541,415","881,270",0.83,"86,469",0.08,"11,871",0.01,"45,191",0.04,"803,077",0.76,"881,487",0.834,"84,212","105,679",0.055,"-2,324",1304.238593,0.05926192
Iowa,IA,2021,"5,084,127","2,468,707","2,615,420","3,511,420",0.69,"1,423,790",0.28,"53,066",0.01,"107,491",0.02,"3,850,077",0.76,"4,105,778",0.808,"65,742","86,121",0.053,"59,758",1119.426349,0.046439688
Maine,ME,2021,"882,235","445,271","436,964","763,432",0.87,"26,781",0.03,"92,049",0.1,"17,534",0.02,"647,089",0.73,"690,183",0.782,"72,183","90,012",0.03,"12,569",869.1537068,0.018093115
Maryland,MD,2021,"6,770,010","3,302,191","3,467,819","5,373,382",0.79,"1,217,973",0.18,"55,944",0.01,"155,876",0.02,"5,075,166",0.75,"5,431,337",0.802,"65,656","86,674",0.055,"54,026",1018.735164,0.039518914
Minnesota,MN,2021,"28,701,845","14,250,184","14,451,661","21,759,347",0.76,"3,827,321",0.13,"351,369",0.01,"1,648,133",0.06,"18,502,334",0.64,"22,117,923",0.771,"71,868","98,400",0.049,"397,249",1084.357123,0.0476457
Montana,MT,2021,"3,161,105","1,592,457","1,568,648","2,800,377",0.89,"58,241",0.02,"56,454",0.02,"115,638",0.04,"2,087,341",0.66,"2,329,530",0.737,"81,599","101,654",0.032,"59,272",1377.167161,0.196339203
New Hampshire,NH,2021,"626,299","308,118","318,181","600,494",0.96,"12,187",0.02,"7,315",0.01,"15,706",0.03,"500,274",0.8,"525,088",0.838,"80,452","97,098",0.038,"2,642",1396.680291,0.02912168
New Jersey,NJ,2021,"8,517,685","4,190,738","4,326,947","6,043,577",0.71,"1,807,434",0.21,"90,683",0.01,"688,297",0.08,"6,213,686",0.73,"6,857,913",0.805,"88,929","118,509",0.042,"47,665",1151.614159,0.014424233
North Carolina,NC,2021,"7,535,591","3,766,859","3,768,732","6,041,370",0.8,"422,547",0.06,"226,088",0.03,"857,031",0.11,"5,355,539",0.71,"6,052,827",0.803,"87,652","114,679",0.043,"129,848",1277.771874,0.071879778
Oregon,OR,2021,"1,805,832","894,657","911,175","1,712,618",0.95,"89,894",0.05,"9,599",0.01,"19,875",0.01,"1,431,158",0.79,"1,487,470",0.824,"57,718","74,688",0.058,"-10,025",921.1014605,0.01777078
Pennsylvania,PA,2021,"5,813,568","2,891,282","2,922,286","5,091,797",0.88,"440,836",0.08,"90,189",0.02,"201,356",0.03,"4,401,754",0.76,"4,693,498",0.807,"76,814","96,441",0.032,"18,085",960.2651652,0.03423233
South Dakota,SD,2021,"577,737","292,619","285,118","541,280",0.94,"8,296",0.01,"21,867",0.04,"8,317",0.01,"433,644",0.75,"460,122",0.796,"78,352","98,769",0.039,"-1,578",920.8369968,0.019796409
Tennessee,TN,2021,"4,903,185","2,369,611","2,533,574","3,409,415",0.7,"1,364,474",0.28,"53,674",0.01,"87,434",0.02,"3,731,336",0.76,"854,312",0.174,"51,734","71,478",0.049,"15,314",1038.240852,0.042450195
Texas,TX,2021,"731,545","380,433","351,112","521,962",0.71,"34,639",0.05,"147,358",0.2,"61,551",0.08,"533,151",0.73,"90,588",0.124,"75,463","98,504",0.058,"-5,893",1215.303125,0.009738705
Utah,UT,2021,"7,278,717","3,620,935","3,657,782","5,947,783",0.82,"434,612",0.06,"412,256",0.06,"331,649",0.05,"5,137,474",0.71,"1,307,241",0.18,"62,055","84,438",0.051,"107,071",1269.23047,0.061215134
Vermont,VT,2021,"3,017,804","1,474,705","1,543,099","2,391,900",0.79,"502,913",0.17,"54,059",0.02,"59,114",0.02,"2,235,415",0.74,"524,237",0.174,"48,952","68,219",0.048,"3,979",913.6779585,0.029446005
Virginia,VA,2021,"39,512,223","19,640,794","19,871,429","25,133,071",0.64,"2,782,446",0.07,"772,394",0.02,"6,762,404",0.17,"26,032,160",0.66,"5,834,998",0.148,"80,440","113,563",0.051,"-44,822",1916.951115,0.042673843
Washington,WA,2021,"5,758,736","2,904,955","2,853,781","5,029,314",0.87,"313,737",0.05,"135,472",0.02,"263,806",0.05,"4,244,210",0.74,"845,378",0.147,"77,127","103,518",0.037,"63,172",2104.30651,0.0672896
Wyoming,WY,2021,"3,565,287","1,743,777","1,821,510","2,772,139",0.78,"470,791",0.13,"36,229",0.01,"198,207",0.06,"2,619,474",0.73,"629,032",0.176,"78,833","114,630",0.053,"-7,378",1375.825923,0.032266161
Arizona,AZ,2022,"973,764","470,288","503,476","686,096",0.7,"237,780",0.24,"9,307",0.01,"45,365",0.05,"725,178",0.74,"189,638",0.195,"70,176","92,445",0.046,"6,593",1217.917387,0.030717965
California,CA,2022,"21,477,737","10,498,005","10,979,732","16,553,934",0.77,"3,772,874",0.18,"174,845",0.01,"787,637",0.04,"15,507,315",0.72,"4,498,198",0.209,"59,227","83,883",0.045,"178,412",1367.174523,0.057787764
Colorado,CO,2022,"10,617,423","5,170,126","5,447,297","6,363,129",0.6,"3,556,697",0.33,"91,801",0.01,"523,612",0.05,"7,581,837",0.71,"1,523,192",0.143,"61,980","86,468",0.048,"97,948",1027.697185,0.052146575
Connecticut,CT,2022,"1,415,872","707,855","708,017","582,436",0.41,"49,041",0.03,"31,936",0.02,"801,987",0.57,"1,014,035",0.72,"269,470",0.19,"83,102","106,247",0.039,"-4,619",2208.382753,0.024308953
Florida,FL,2022,"1,787,065","898,044","889,021","1,652,946",0.92,"21,666",0.01,"43,756",0.02,"44,416",0.02,"1,282,630",0.72,"288,617",0.162,"60,999","78,975",0.033,"32,857",1074.950475,0.072265863
Georgia,GA,2022,"12,671,821","6,217,305","6,454,516","9,353,507",0.74,"1,951,681",0.15,"101,823",0.01,"834,455",0.07,"9,088,036",0.72,"2,045,361",0.161,"69,187","95,725",0.048,"-69,259",881.9944104,0.029671801
Idaho,ID,2022,"6,732,219","3,319,907","3,412,312","5,732,778",0.85,"740,150",0.11,"53,972",0.01,"206,288",0.03,"4,978,356",0.74,"1,084,472",0.161,"57,603","78,064",0.042,"40,341",859.2865178,0.0427199
Illinois,IL,2022,"3,155,070","1,570,384","1,584,686","2,900,114",0.92,"162,710",0.05,"24,157",0.01,"95,994",0.03,"2,348,787",0.74,"553,575",0.175,"61,691","80,267",0.037,"-1,075",905.6005004,0.021136141
Iowa,IA,2022,"2,913,314","1,446,287","1,467,027","2,537,764",0.87,"214,714",0.07,"66,174",0.02,"108,624",0.04,"2,103,748",0.72,"477,996",0.164,"62,087","82,270",0.038,"1,804",785.8982312,0.022336511
Maine,ME,2022,"4,467,673","2,198,205","2,269,468","3,971,124",0.89,"424,716",0.1,"27,768",0.01,"94,285",0.02,"3,367,502",0.75,"754,559",0.169,"52,295","72,215",0.048,-729,885.1975658,-0.071285025
Maryland,MD,2022,"4,648,794","2,268,202","2,380,592","2,954,143",0.64,"1,554,297",0.33,"62,087",0.01,"99,072",0.02,"3,463,372",0.75,"742,194",0.16,"51,073","72,658",0.055,"-11,184",1080.880432,0.006750728
Minnesota,MN,2022,"1,344,212","656,330","687,882","1,289,759",0.96,"32,313",0.02,"21,048",0.02,"23,516",0.02,"1,078,770",0.8,"285,978",0.213,"58,924","78,303",0.035,"5,808",1124.787207,0.050380684
Montana,MT,2022,"6,045,680","2,928,013","3,117,667","3,467,089",0.57,"1,946,932",0.32,"55,949",0.01,"463,258",0.08,"4,316,921",0.71,"959,887",0.159,"86,738","114,089",0.045,"2,962",1244.786518,0.026298119
New Hampshire,NH,2022,"6,892,503","3,345,556","3,546,947","5,525,268",0.8,"684,786",0.1,"50,888",0.01,"548,125",0.08,"5,057,192",0.73,"1,172,293",0.17,"85,843","117,482",0.039,"-9,646",1698.173619,0.029881111
New Jersey,NJ,2022,"9,986,857","4,915,905","5,070,952","8,091,386",0.81,"1,528,779",0.15,"149,052",0.01,"394,895",0.04,"7,562,464",0.76,"1,766,409",0.177,"59,584","80,681",0.05,"-9,058",1021.498768,0.0427484
North Carolina,NC,2022,"5,639,632","2,804,216","2,835,416","4,800,334",0.85,"454,116",0.08,"114,350",0.02,"333,624",0.06,"4,157,556",0.74,"921,491",0.163,"74,593","96,995",0.032,"28,453",1128.132109,0.034153596
Oregon,OR,2022,"2,976,149","1,434,957","1,541,192","1,766,642",0.59,"1,156,497",0.39,"25,154",0.01,"40,448",0.01,"2,246,323",0.75,"486,804",0.164,"45,792","65,081",0.066,"-10,381",1001.87901,0.028860909
Pennsylvania,PA,2022,"6,137,428","3,008,169","3,129,259","5,184,435",0.84,"792,197",0.13,"77,887",0.01,"162,980",0.03,"4,650,318",0.76,"1,057,943",0.172,"57,409","77,885",0.038,"10,976",885.0143889,0.038372359
South Dakota,SD,2022,"1,068,778","537,170","531,608","973,711",0.91,"14,608",0.01,"90,259",0.08,"17,354",0.02,"831,760",0.78,"207,909",0.195,"57,153","77,320",0.041,"6,473",879.6054725,0.037119389
Tennessee,TN,2022,"1,934,408","966,650","967,758","1,715,918",0.89,"117,408",0.06,"34,247",0.02,"62,532",0.03,"1,388,950",0.72,"312,295",0.161,"63,229","82,539",0.033,"5,140",987.1528175,0.031818825
Texas,TX,2022,"3,080,156","1,544,779","1,535,377","2,105,913",0.68,"347,489",0.11,"69,491",0.02,"323,433",0.11,"2,111,932",0.69,"498,219",0.162,"63,276","86,946",0.051,"45,764",1378.018739,0.063016103
Utah,UT,2022,"1,359,711","672,960","686,751","1,287,518",0.95,"30,557",0.02,"11,586",0.01,"47,854",0.04,"1,070,215",0.79,"253,147",0.186,"77,933","100,882",0.03,"3,253",1313.416337,0.054870802
Vermont,VT,2022,"8,882,190","4,342,591","4,539,599","6,174,937",0.7,"1,339,574",0.15,"57,278",0.01,"953,119",0.11,"6,170,130",0.69,"1,475,075",0.166,"85,751","119,301",0.047,"-26,330",1504.22972,0.029723482
Virginia,VA,2022,"2,096,829","1,036,708","1,060,121","1,610,185",0.77,"70,254",0.03,"226,281",0.11,"53,384",0.03,"1,522,171",0.73,"377,730",0.18,"51,945","71,591",0.055,"1,401",1072.357769,0.062260375
Washington,WA,2022,"19,453,561","9,450,810","10,002,751","12,796,656",0.66,"3,424,002",0.18,"196,234",0.01,"1,889,234",0.1,"13,810,830",0.71,"3,295,968",0.169,"72,108","107,355",0.044,"-88,648",1223.180799,0.040689146
Wyoming,WY,2022,"10,488,084","5,094,327","5,393,757","7,393,223",0.7,"2,424,132",0.23,"208,829",0.02,"382,201",0.04,"7,729,644",0.74,"1,750,935",0.167,"57,341","80,037",0.046,"104,464",1111.318363,0.045595595
Alaska,AK,2016,"762,062","388,339","373,723","677,907",0.89,"30,067",0.04,"52,745",0.07,"16,308",0.02,"567,545",0.74,"120,177",0.158,"64,577","85,551",0.026,"1,985",913.4001641,0.021556402
Arkansas,AR,2016,"11,689,100","5,732,207","5,956,893","9,765,556",0.84,"1,686,729",0.14,"97,330",0.01,"348,025",0.03,"8,879,469",0.76,"2,043,548",0.175,"58,642","79,505",0.046,-342,879.6941342,0.037580532
Delaware,DE,2016,"3,956,971","1,962,477","1,994,494","3,135,648",0.79,"365,883",0.09,"540,542",0.14,"114,316",0.03,"2,875,059",0.73,"635,222",0.161,"54,449","75,537",0.044,"13,892",918.8388865,0.027008606
Hawaii,HI,2016,"4,217,737","2,089,676","2,128,061","3,717,165",0.88,"124,502",0.03,"129,081",0.03,"263,017",0.06,"3,162,204",0.75,"767,496",0.182,"67,058","88,449",0.05,"27,024",1373.884394,0.05094412
Indiana,IN,2016,"12,801,989","6,272,527","6,529,462","10,483,806",0.82,"1,649,737",0.13,"92,251",0.01,"536,892",0.04,"9,810,201",0.77,"2,388,218",0.187,"63,463","87,789",0.045,"-5,071",997.1115783,0.03966856
Kansas,KS,2016,"1,059,361","517,221","542,140","869,057",0.82,"101,579",0.1,"13,827",0.01,"48,037",0.05,"800,798",0.76,"187,155",0.177,"71,169","92,553",0.042,"2,046",1369.408505,0.049967784
Kentucky,KY,2016,"5,148,714","2,485,001","2,663,713","3,544,015",0.69,"1,441,530",0.28,"47,908",0.01,"111,414",0.02,"3,892,341",0.76,"935,538",0.182,"56,227","78,188",0.047,"64,587",1144.079223,0.022022774
Louisiana,LA,2016,"884,659","449,458","435,201","766,781",0.87,"26,679",0.03,"92,709",0.1,"14,395",0.02,"653,394",0.74,"153,799",0.174,"59,533","77,650",0.03,"2,424",881.4289124,0.01412317
Massachusetts,MA,2016,"6,829,174","3,329,115","3,500,059","5,413,418",0.79,"1,228,973",0.18,"58,662",0.01,"164,002",0.02,"5,129,580",0.75,"1,138,965",0.167,"56,071","78,035",0.045,"59,164",1066.689644,0.047072567
Michigan,MI,2016,"28,995,881","14,385,762","14,610,119","21,995,420",0.76,"3,908,287",0.13,"350,100",0.01,"1,678,495",0.06,"18,875,542",0.65,"3,738,727",0.129,"64,034","89,681",0.044,"294,036",1122.893696,0.035538637
Mississippi,MS,2016,"3,205,958","1,610,671","1,595,287","2,893,306",0.9,"61,766",0.02,"57,986",0.02,"118,169",0.04,"2,134,249",0.67,"365,198",0.114,"75,780","96,415",0.032,"44,853",1443.40634,0.04809814
Missouri,MO,2016,"623,989","309,164","314,825","600,353",0.96,"13,042",0.02,"9,006",0.01,"15,149",0.02,"498,705",0.8,"125,201",0.201,"63,001","83,015",0.034,"-2,310",1439.873693,0.030925762
Nebraska,NE,2016,"8,535,519","4,201,799","4,333,720","5,994,267",0.7,"1,820,891",0.21,"76,902",0.01,"690,204",0.08,"6,226,623",0.73,"1,358,336",0.159,"76,456","105,091",0.04,"17,834",1202.003893,0.043755744
Nevada,NV,2016,"7,614,893","3,807,572","3,807,321","6,056,387",0.8,"429,718",0.06,"228,712",0.03,"883,108",0.12,"5,409,035",0.71,"1,207,685",0.159,"78,687","105,775",0.046,"79,302",1345.934018,0.053344533
New Mexico,NM,2016,"1,792,147","885,861","906,286","1,697,080",0.95,"86,426",0.05,"11,575",0.01,"20,033",0.01,"1,420,289",0.79,"367,400",0.205,"48,850","65,842",0.06,"-13,685",937.9750462,0.018318922
New York,NY,2016,"5,822,434","2,892,804","2,929,630","5,088,607",0.87,"438,719",0.08,"92,246",0.02,"201,512",0.03,"4,412,888",0.76,"1,019,896",0.175,"64,168","82,899",0.032,"8,866",990.8964256,0.031898752
North Dakota,ND,2016,"578,759","296,005","282,754","540,317",0.93,"12,428",0.02,"19,199",0.03,"8,673",0.01,"434,852",0.75,"98,789",0.171,"65,003","83,155",0.036,"1,022",967.9548076,0.05116846
Ohio,OH,2016,"4,893,186","2,365,734","2,527,452","3,411,460",0.7,"1,349,127",0.28,"61,655",0.01,"89,031",0.02,"3,709,180",0.76,"854,312",0.175,"52,035","71,964",0.056,"-9,999",1045.794504,0.007275433
Oklahoma,OK,2016,"736,990","384,653","352,337","529,303",0.72,"37,226",0.05,"146,557",0.2,"64,669",0.09,"532,553",0.72,"90,588",0.123,"77,790","98,811",0.072,"5,445",1238.399742,0.01900482
Rhode Island,RI,2016,"7,174,064","3,564,979","3,609,085","5,752,282",0.8,"425,315",0.06,"405,281",0.06,"326,446",0.05,"5,049,926",0.7,"1,307,241",0.182,"61,529","84,380",0.058,"-104,653",1351.797207,0.065052596
South Carolina,SC,2016,"3,011,873","1,478,511","1,533,362","2,382,587",0.79,"493,883",0.16,"61,280",0.02,"59,949",0.02,"2,219,479",0.74,"524,237",0.174,"49,475","69,357",0.052,"-5,931",948.8216983,0.038464034
West Virginia,WV,2016,"39,346,023","19,562,882","19,783,141","24,826,054",0.63,"2,806,900",0.07,"806,874",0.02,"6,764,118",0.17,"25,774,911",0.66,"5,834,998",0.148,"78,672","111,622",0.062,"-166,200",1978.965452,0.032350505
Wisconsin,WI,2016,"5,684,926","2,862,153","2,822,773","4,948,790",0.87,"309,449",0.05,"125,039",0.02,"252,624",0.04,"4,153,976",0.73,"845,378",0.149,"75,231","100,933",0.046,"-73,810",2220.145349,0.055048463
Alabama,AL,2017,"3,570,549","1,741,688","1,828,861","2,799,956",0.78,"456,214",0.13,"35,973",0.01,"196,347",0.05,"2,615,815",0.73,"629,032",0.176,"79,855","115,337",0.06,"5,262",1453.886664,0.056737367
Alaska,AK,2017,"967,679","467,720","499,959","684,795",0.71,"234,353",0.24,"9,810",0.01,"45,744",0.05,"723,159",0.75,"189,638",0.196,"69,110","92,308",0.058,"-6,085",1270.630517,0.043281368
Arkansas,AR,2017,"21,216,924","10,374,594","10,842,330","16,371,086",0.77,"3,735,264",0.18,"178,120",0.01,"763,613",0.04,"15,296,734",0.72,"4,498,198",0.212,"57,703","83,104",0.054,"-260,813",1428.58639,0.044918821
Delaware,DE,2017,"10,516,579","5,113,936","5,402,643","6,353,997",0.6,"3,499,486",0.33,"107,995",0.01,"515,434",0.05,"7,482,329",0.71,"1,523,192",0.145,"61,224","85,691",0.056,"-100,844",1078.414708,0.049350649
Hawaii,HI,2017,"1,420,074","712,250","707,824","604,632",0.43,"51,286",0.04,"32,391",0.02,"803,266",0.57,"1,020,517",0.72,"269,470",0.19,"83,173","107,348",0.046,"4,202",2216.997026,0.003900715
Indiana,IN,2017,"1,754,367","879,763","874,604","1,623,030",0.93,"21,346",0.01,"43,642",0.02,"42,595",0.02,"1,255,411",0.72,"288,617",0.165,"58,915","77,399",0.042,"-32,698",1161.719679,0.080719258
Kansas,KS,2017,"12,716,164","6,247,083","6,469,081","9,367,474",0.74,"1,957,092",0.15,"104,386",0.01,"828,847",0.07,"9,064,396",0.71,"2,045,361",0.161,"68,428","95,115",0.06,"44,343",907.2335047,0.028615935
Kentucky,KY,2017,"6,696,893","3,300,350","3,396,543","5,718,307",0.85,"735,826",0.11,"52,448",0.01,"195,087",0.03,"4,933,505",0.74,"1,084,472",0.162,"58,235","76,984",0.047,"-35,326",896.4023607,0.043193792
Louisiana,LA,2017,"3,150,011","1,564,436","1,585,575","2,894,547",0.92,"156,107",0.05,"28,277",0.01,"97,896",0.03,"2,331,653",0.74,"553,575",0.176,"61,836","80,316",0.039,"-5,059",925.6634897,0.022154349
Massachusetts,MA,2017,"2,912,619","1,451,919","1,460,700","2,548,409",0.87,"216,216",0.07,"62,955",0.02,"110,231",0.04,"2,097,052",0.72,"477,996",0.164,"61,091","82,103",0.041,-695,811.3113839,0.032336442
Michigan,MI,2017,"4,461,952","2,196,522","2,265,430","3,965,298",0.89,"425,351",0.1,"32,270",0.01,"88,096",0.02,"3,362,354",0.75,"754,559",0.169,"52,238","72,318",0.054,"-5,721",911.9525733,0.0302249
Mississippi,MS,2017,"4,664,616","2,276,932","2,387,684","2,968,078",0.64,"1,560,682",0.33,"60,705",0.01,"99,667",0.02,"3,467,869",0.74,"742,194",0.159,"50,800","73,759",0.066,"15,822",1096.223661,0.014195122
Missouri,MO,2017,"1,340,825","656,628","684,197","1,291,593",0.96,"27,832",0.02,"23,349",0.02,"23,244",0.02,"1,070,612",0.8,"285,978",0.213,"59,489","78,301",0.04,"-3,387",1195.636451,0.06298902
Nebraska,NE,2017,"6,037,624","2,925,644","3,111,980","3,501,814",0.58,"1,937,445",0.32,"64,146",0.01,"463,308",0.08,"4,313,168",0.71,"959,887",0.159,"87,063","114,236",0.052,"-8,056",1290.800564,0.036965411
Nevada,NV,2017,"6,873,003","3,335,992","3,537,011","5,546,174",0.81,"662,313",0.1,"52,168",0.01,"538,409",0.08,"5,030,986",0.73,"1,172,293",0.171,"84,385","115,964",0.051,"-19,500",1789.462232,0.053756937
New Mexico,NM,2017,"9,973,907","4,911,965","5,061,942","8,082,811",0.81,"1,524,001",0.15,"148,080",0.01,"390,937",0.04,"7,528,995",0.75,"1,766,409",0.177,"59,234","80,803",0.06,"-12,950",1060.092726,0.037781698
New York,NY,2017,"5,600,166","2,789,017","2,811,149","4,773,429",0.85,"447,354",0.08,"110,783",0.02,"330,738",0.06,"4,113,452",0.73,"921,491",0.165,"73,382","96,814",0.038,"-39,466",1157.879711,0.0263689
North Dakota,ND,2017,"2,981,835","1,443,708","1,538,127","1,774,378",0.6,"1,149,098",0.39,"24,230",0.01,"39,237",0.01,"2,238,133",0.75,"486,804",0.163,"46,511","65,156",0.071,"5,686",1051.292314,0.04932063
Ohio,OH,2017,"6,124,160","3,004,001","3,120,159","5,179,826",0.85,"784,331",0.13,"82,267",0.01,"161,495",0.03,"4,630,115",0.76,"1,057,943",0.173,"57,290","78,194",0.045,"-13,268",925.4112306,0.045645407
Oklahoma,OK,2017,"1,061,705","534,128","527,577","970,545",0.91,"12,031",0.01,"87,563",0.08,"15,622",0.01,"823,797",0.78,"207,909",0.196,"56,539","76,834",0.042,"-7,073",929.5284428,0.056756093
Rhode Island,RI,2017,"1,923,826","959,677","964,149","1,711,828",0.89,"117,761",0.06,"33,736",0.02,"62,516",0.03,"1,373,561",0.71,"312,295",0.162,"63,015","82,306",0.034,"-10,582",1024.994828,0.038334501
South Carolina,SC,2017,"3,030,281","1,520,196","1,510,085","2,080,484",0.69,"337,681",0.11,"67,377",0.02,"320,596",0.11,"2,071,272",0.68,"498,219",0.164,"62,043","84,350",0.066,"-49,875",1436.89977,0.042728759
West Virginia,WV,2017,"1,355,244","671,802","683,442","1,284,067",0.95,"32,277",0.02,"10,734",0.01,"47,713",0.04,"1,065,299",0.79,"253,147",0.187,"77,923","101,292",0.038,"-4,467",1395.573188,0.062552025
Wisconsin,WI,2017,"8,885,418","4,341,123","4,544,295","6,188,854",0.7,"1,335,434",0.15,"64,849",0.01,"948,998",0.11,"6,156,380",0.69,"1,475,075",0.166,"85,245","117,868",0.058,"3,228",1561.219835,0.037886577
Alabama,AL,2018,"2,097,021","1,038,007","1,059,014","1,627,090",0.78,"62,321",0.03,"229,071",0.11,"48,942",0.02,"1,511,406",0.72,"377,730",0.18,"51,243","70,241",0.066,192,1124.964708,0.049057265
Alaska,AK,2018,"19,514,849","9,474,184","10,040,665","12,894,580",0.66,"3,396,120",0.17,"207,027",0.01,"1,884,346",0.1,"13,764,741",0.71,"3,295,968",0.169,"71,117","105,304",0.057,"61,288",1275.719217,0.042952292
Arkansas,AR,2018,"10,386,227","5,052,667","5,333,560","7,348,103",0.71,"2,392,742",0.23,"208,642",0.02,"377,854",0.04,"7,636,496",0.74,"1,750,935",0.169,"56,642","79,620",0.054,"-101,857",1162.13458,0.045726066
Delaware,DE,2018,"760,394","389,284","371,110","674,281",0.89,"28,675",0.04,"50,939",0.07,"16,362",0.02,"564,942",0.74,"120,177",0.158,"65,315","85,506",0.031,"-1,668",863.0725286,-0.055099219
Hawaii,HI,2018,"11,675,275","5,721,796","5,953,479","9,776,587",0.84,"1,673,910",0.14,"99,662",0.01,"344,131",0.03,"8,855,290",0.76,"2,043,548",0.175,"58,116","78,797",0.053,"-13,825",917.2354165,0.042675381
Indiana,IN,2018,"3,949,342","1,956,617","1,992,725","3,129,278",0.79,"364,516",0.09,"535,675",0.14,"116,701",0.03,"2,855,801",0.72,"635,222",0.161,"53,840","74,195",0.051,"-7,629",968.7035692,0.054269234
Kansas,KS,2018,"4,176,346","2,070,627","2,105,719","3,692,435",0.88,"124,917",0.03,"130,446",0.03,"258,188",0.06,"3,108,030",0.74,"767,496",0.184,"65,667","88,137",0.055,"-41,391",1436.523006,0.045592345
Kentucky,KY,2018,"12,794,885","6,269,142","6,525,743","10,537,652",0.82,"1,634,203",0.13,"92,952",0.01,"532,335",0.04,"9,778,957",0.76,"2,388,218",0.187,"63,627","87,262",0.054,"-7,104",1035.284064,0.038283063
Louisiana,LA,2018,"1,057,798","514,524","543,274","877,920",0.83,"91,539",0.09,"13,851",0.01,"45,472",0.04,"795,022",0.75,"187,155",0.177,"70,305","92,427",0.055,"-1,563",1446.309858,0.05615662
Massachusetts,MA,2018,"5,091,517","2,468,682","2,622,835","3,521,154",0.69,"1,423,031",0.28,"48,904",0.01,"110,663",0.02,"3,849,680",0.76,"935,538",0.184,"54,864","76,390",0.055,"-57,197",1191.106565,0.04110497
Michigan,MI,2018,"879,336","442,948","436,388","762,967",0.87,"25,975",0.03,"91,221",0.1,"16,062",0.02,"644,867",0.73,"153,799",0.175,"59,896","77,932",0.035,"-5,323",911.0387562,0.033593003
Mississippi,MS,2018,"6,772,268","3,304,462","3,467,806","5,380,206",0.79,"1,214,063",0.18,"62,889",0.01,"155,558",0.02,"5,082,240",0.75,"1,138,965",0.168,"54,833","76,937",0.053,"-56,906",1112.422552,0.042873677
Missouri,MO,2018,"28,635,442","14,221,720","14,413,722","21,681,317",0.76,"3,834,846",0.13,"370,697",0.01,"1,656,166",0.06,"18,578,831",0.65,"3,738,727",0.131,"63,826","89,506",0.053,"-360,439",1138.886622,0.0142426
Nebraska,NE,2018,"3,151,239","1,586,950","1,564,289","2,807,476",0.89,"59,239",0.02,"56,640",0.02,"112,368",0.04,"2,082,893",0.66,"365,198",0.116,"74,197","94,452",0.036,"-54,719",1518.575072,0.052077319
Nevada,NV,2018,"624,340","308,441","315,899","600,582",0.96,"12,384",0.02,"8,096",0.01,"14,972",0.02,"497,391",0.8,"125,201",0.201,"63,477","83,767",0.038,351,1492.076213,0.03625493
New Mexico,NM,2018,"8,509,358","4,186,543","4,322,815","6,000,367",0.71,"1,800,436",0.21,"89,497",0.01,"691,449",0.08,"6,198,540",0.73,"1,358,336",0.16,"76,398","106,023",0.046,"-26,161",1257.057943,0.045801889
New York,NY,2018,"7,512,465","3,759,007","3,753,458","6,007,728",0.8,"425,653",0.06,"223,318",0.03,"854,617",0.11,"5,344,645",0.71,"1,207,685",0.161,"77,006","103,669",0.049,"-102,428",1415.233319,0.051487889
North Dakota,ND,2018,"1,807,426","893,743","913,683","1,713,884",0.95,"84,768",0.05,"13,391",0.01,"20,784",0.01,"1,428,525",0.79,"367,400",0.203,"48,037","65,332",0.065,"15,279",966.4893777,0.030399883
Ohio,OH,2018,"5,806,975","2,889,783","2,917,192","5,076,630",0.87,"441,868",0.08,"93,288",0.02,"203,052",0.03,"4,392,490",0.76,"1,019,896",0.176,"63,293","82,757",0.036,"-15,459",975.7930901,-0.015242093
Oklahoma,OK,2018,"581,348","296,280","285,068","547,044",0.94,"10,732",0.02,"20,414",0.04,"9,194",0.02,"435,357",0.75,"98,789",0.17,"65,304","83,583",0.044,"2,589",919.4970672,-0.050061986
Rhode Island,RI,2018,"5,039,877","2,445,896","2,593,981","3,507,335",0.7,"1,378,109",0.27,"105,702",0.02,"96,645",0.02,"3,829,788",0.76,"679,665",0.135,"53,913","75,923",0.053,"146,691",1154.45367,0.103901069
South Carolina,SC,2018,"732,673","383,121","349,552","522,115",0.71,"38,623",0.05,"151,861",0.21,"65,864",0.09,"533,852",0.73,"98,410",0.134,"77,845","100,519",0.07,"-4,317",1402.555751,0.132554945
West Virginia,WV,2018,"7,276,316","3,629,620","3,646,696","5,645,464",0.78,"458,285",0.06,"438,351",0.06,"349,654",0.05,"5,216,518",0.72,"1,333,985",0.183,"69,056","93,177",0.058,"102,252",1523.620679,0.127107433
Wisconsin,WI,2018,"3,025,891","1,493,681","1,532,210","2,405,726",0.8,"489,012",0.16,"83,619",0.03,"67,428",0.02,"2,237,649",0.74,"525,153",0.174,"52,528","73,126",0.055,"14,018",995.3958336,0.049086288
Alabama,AL,2019,"39,237,836","19,618,934","19,618,902","22,418,889",0.57,"2,848,110",0.07,"1,301,969",0.03,"6,971,642",0.18,"26,028,290",0.66,"5,964,526",0.152,"84,907","120,953",0.083,"-108,187",2108.843573,0.065629302
Alaska,AK,2019,"5,812,069","2,943,037","2,869,032","4,928,975",0.85,"330,255",0.06,"194,212",0.03,"276,601",0.05,"4,303,604",0.74,"880,167",0.151,"82,254","110,650",0.053,"127,143",2412.793698,0.086772855
Arkansas,AK,2019,"3,605,597","1,768,045","1,837,552","2,729,818",0.76,"498,445",0.14,"54,174",0.02,"210,148",0.06,"2,659,979",0.74,"649,172",0.18,"83,771","120,009",0.067,"35,048",1601.332598,0.101415013
Delaware,DE,2019,"1,003,384","485,908","517,476","690,900",0.69,"243,431",0.24,"23,607",0.02,"50,814",0.05,"754,114",0.75,"201,551",0.201,"71,091","95,633",0.056,"35,705",1459.026853,0.14826996
Hawaii,HI,2019,"21,781,128","10,714,520","11,066,608","16,145,142",0.74,"3,848,174",0.18,"310,535",0.01,"822,675",0.04,"15,855,982",0.73,"4,598,996",0.211,"63,062","89,573",0.056,"564,204",1654.715315,0.158288589
Indiana,IN,2019,"10,799,566","5,270,144","5,529,422","6,427,324",0.6,"3,607,865",0.33,"256,025",0.02,"568,011",0.05,"7,786,111",0.72,"1,585,687",0.147,"66,559","92,425",0.055,"282,987",1258.570675,0.167056296
Kansas,KS,2019,"1,441,553","725,604","715,949","617,903",0.43,"52,774",0.04,"40,944",0.03,"814,349",0.56,"1,044,019",0.72,"282,567",0.196,"84,857","111,751",0.077,"21,479",2521.468634,0.137335145
Kentucky,KY,2019,"1,900,923","954,313","946,610","1,720,408",0.91,"24,514",0.01,"61,299",0.03,"48,426",0.03,"1,373,714",0.72,"314,010",0.165,"66,474","89,955",0.033,"146,556",1310.898149,0.128411761
Louisiana,LA,2019,"12,671,469","6,264,364","6,407,105","9,095,983",0.72,"1,928,227",0.15,"263,088",0.02,"857,730",0.07,"9,087,338",0.72,"2,103,309",0.166,"72,205","99,874",0.074,"-44,695",963.622274,0.062154637
Massachusetts,MA,2019,"6,805,985","3,374,931","3,431,054","5,786,317",0.85,"731,678",0.11,"132,837",0.02,"205,442",0.03,"5,030,200",0.74,"1,115,579",0.164,"62,743","82,643",0.047,"109,092",943.496016,0.052536291
Michigan,MI,2019,"3,193,079","1,603,267","1,589,812","2,902,511",0.91,"163,204",0.05,"56,020",0.02,"98,950",0.03,"2,379,570",0.75,"567,581",0.178,"65,600","86,499",0.036,"43,068",963.0511506,0.040390122
Mississippi,MS,2019,"2,934,582","1,474,610","1,459,972","2,526,216",0.86,"221,163",0.08,"92,417",0.03,"110,497",0.04,"2,128,111",0.73,"489,676",0.167,"64,124","86,580",0.044,"21,963",855.6953863,0.054706495
Missouri,MO,2019,"4,509,394","2,229,328","2,280,066","4,028,761",0.89,"406,188",0.09,"105,381",0.02,"92,590",0.02,"3,405,618",0.76,"768,416",0.17,"55,573","76,234",0.054,"47,442",987.0517688,0.082349892
Nebraska,NE,2019,"4,624,047","2,260,866","2,363,181","2,953,186",0.64,"1,532,955",0.33,"100,148",0.02,"106,668",0.02,"3,439,830",0.74,"766,330",0.166,"52,087","75,590",0.076,"-40,569",1179.586861,0.076045795
Nevada,NV,2019,"1,372,247","673,483","698,764","1,315,304",0.96,"30,783",0.02,"23,720",0.02,"26,335",0.02,"1,100,974",0.8,"297,101",0.217,"64,767","87,756",0.049,"31,422",1342.984102,0.123237838
New Mexico,NM,2019,"6,165,129","3,003,091","3,162,038","3,438,289",0.56,"1,991,236",0.32,"106,989",0.02,"495,564",0.08,"4,417,293",0.72,"1,003,383",0.163,"90,203","119,958",0.059,"127,505",1422.194041,0.101792237
New York,NY,2019,"6,984,723","3,408,252","3,576,471","5,498,872",0.79,"704,726",0.1,"74,083",0.01,"577,225",0.08,"5,121,488",0.73,"1,216,447",0.174,"89,645","124,789",0.066,"111,720",1769.27537,-0.011280966
North Dakota,ND,2019,"10,050,811","4,976,869","5,073,942","8,099,335",0.81,"1,543,093",0.15,"177,692",0.02,"410,321",0.04,"7,640,514",0.76,"1,823,284",0.181,"63,498","86,093",0.069,"76,904",1116.006629,0.052744352
Ohio,OH,2019,"5,707,390","2,860,668","2,846,722","4,810,922",0.84,"484,015",0.08,"133,449",0.02,"353,442",0.06,"4,221,515",0.74,"959,272",0.168,"77,720","103,305",0.049,"107,224",1211.216783,0.046064432
Oklahoma,OK,2019,"2,949,965","1,435,423","1,514,542","1,793,210",0.61,"1,111,980",0.38,"69,291",0.02,"46,065",0.02,"2,226,474",0.75,"496,945",0.168,"48,716","68,048",0.064,"-31,870",1138.294323,0.0827572
Rhode Island,RI,2019,"6,168,187","3,045,181","3,123,006","5,221,765",0.85,"764,905",0.12,"138,710",0.02,"173,416",0.03,"4,675,531",0.76,"1,084,768",0.176,"61,847","84,920",0.046,"44,027",953.2977397,0.030134181
South Carolina,SC,2019,"1,104,271","560,911","543,360","1,008,087",0.91,"11,016",0.01,"91,509",0.08,"16,946",0.02,"857,649",0.78,"217,298",0.197,"63,249","87,083",0.04,"42,566",1299.234822,0.397735414
West Virginia,WV,2019,"1,963,692","986,019","977,673","1,703,949",0.87,"122,957",0.06,"47,696",0.02,"66,456",0.03,"1,411,320",0.72,"322,833",0.164,"66,817","89,209",0.027,"39,866",975.7681239,-0.048026295
Wisconsin,WI,2019,"3,143,991","1,585,207","1,558,784","2,064,558",0.66,"374,500",0.12,"99,511",0.03,"356,794",0.11,"2,193,360",0.7,"519,568",0.165,"66,274","89,961",0.097,"113,710",1610.407646,0.120751551
Alabama,AL,2020,"1,388,992","693,234","695,758","1,306,669",0.94,"36,986",0.03,"17,246",0.01,"48,923",0.04,"1,103,239",0.79,"267,741",0.193,"88,465","111,908",0.036,"33,748",1538.796348,0.102626763
Alaska,AK,2020,"9,267,130","4,563,560","4,703,570","6,042,866",0.65,"1,434,689",0.15,"119,368",0.01,"1,028,826",0.11,"6,433,068",0.69,"1,563,621",0.169,"89,296","124,951",0.081,"381,712",1742.821518,0.116320379
Arkansas,AR,2020,"2,115,877","1,052,355","1,063,522","1,511,375",0.71,"73,138",0.03,"270,863",0.13,"58,007",0.03,"1,545,938",0.73,"391,797",0.185,"53,992","76,989",0.078,"18,856",1259.515712,0.119604644
Delaware,DE,2020,"19,835,913","9,696,573","10,139,340","12,699,572",0.64,"3,488,324",0.18,"353,795",0.02,"1,967,535",0.1,"14,109,037",0.71,"3,477,337",0.175,"74,314","109,732",0.087,"321,064",1380.03549,0.081770558
Hawaii,HI,2020,"10,551,162","5,149,323","5,401,839","7,392,623",0.7,"2,387,469",0.23,"311,921",0.03,"416,542",0.04,"7,808,186",0.74,"1,796,369",0.17,"61,972","86,804",0.058,"164,935",1294.279626,0.113708901
Indiana,IN,2020,"774,948","399,544","375,404","689,486",0.89,"31,918",0.04,"54,830",0.07,"16,337",0.02,"576,588",0.74,"123,840",0.16,"66,519","86,666",0.029,"14,554",896.963018,0.039267255
Kansas,KS,2020,"11,780,017","5,808,575","5,971,442","9,820,152",0.83,"1,683,309",0.14,"190,485",0.02,"368,384",0.03,"8,943,128",0.76,"2,102,569",0.178,"62,262","84,572",0.054,"104,742",989.2803203,0.078545707
Kentucky,KY,2020,"3,986,639","1,984,707","2,001,932","3,142,156",0.79,"380,869",0.1,"580,669",0.15,"126,067",0.03,"2,903,864",0.73,"645,174",0.162,"55,826","75,430",0.059,"37,297",1049.505743,0.083412694
Louisiana,LA,2020,"4,246,155","2,121,532","2,124,623","3,645,894",0.86,"137,439",0.03,"177,769",0.04,"279,725",0.07,"3,200,314",0.75,"789,896",0.186,"71,562","95,662",0.064,"69,809",1603.634757,0.116330717
Massachusetts,MA,2020,"12,964,056","6,399,632","6,564,424","10,508,980",0.81,"1,655,558",0.13,"158,803",0.01,"574,824",0.04,"9,918,163",0.77,"2,464,903",0.19,"68,957","93,835",0.064,"169,171",1121.777065,0.083545187
Michigan,MI,2020,"1,095,610","536,589","559,021","883,044",0.81,"96,535",0.09,"16,210",0.01,"44,520",0.04,"827,415",0.76,"200,201",0.183,"74,008","99,144",0.077,"37,812",1606.606723,0.110831621
Mississippi,MS,2020,"5,190,705","2,521,689","2,669,016","3,617,237",0.7,"1,395,125",0.27,"99,727",0.02,"121,947",0.02,"3,940,745",0.76,"967,223",0.186,"59,318","81,580",0.056,"99,188",1318.455042,0.106916107
Missouri,MO,2020,"895,376","451,950","443,426","775,061",0.87,"25,895",0.03,"93,881",0.1,"20,954",0.02,"659,768",0.74,"157,883",0.176,"66,143","86,194",0.028,"16,040",998.8414142,0.096376425
Nebraska,NE,2020,"6,975,218","3,413,181","3,562,037","5,541,396",0.79,"1,214,204",0.17,"141,000",0.02,"165,773",0.02,"5,248,512",0.75,"1,187,354",0.17,"59,695","83,777",0.053,"202,950",1197.325762,0.076322806
Nevada,NV,2020,"29,527,941","14,739,011","14,788,930","20,947,659",0.71,"4,031,100",0.14,"697,766",0.02,"1,846,200",0.06,"19,375,866",0.66,"3,892,411",0.132,"66,963","93,668",0.062,"892,499",1216.484052,0.068134465
New Mexico,NM,2020,"3,337,975","1,694,770","1,643,205","2,949,899",0.88,"69,900",0.02,"84,484",0.03,"134,220",0.04,"2,251,328",0.67,"388,120",0.116,"79,449","105,076",0.035,"186,736",1753.085404,0.154427882
New York,NY,2020,"645,570","320,293","325,277","619,150",0.96,"12,965",0.02,"11,990",0.02,"15,970",0.02,"518,387",0.8,"133,173",0.206,"72,431","94,496",0.042,"21,230",1615.883035,0.082976205
North Dakota,ND,2020,"8,642,274","4,273,931","4,368,343","5,994,739",0.69,"1,828,776",0.21,"176,135",0.02,"736,940",0.09,"6,354,439",0.74,"1,406,480",0.163,"80,963","111,287",0.048,"132,916",1363.710027,0.084842616
Ohio,OH,2020,"7,738,692","3,897,320","3,841,372","6,043,274",0.78,"457,780",0.06,"274,352",0.04,"950,527",0.12,"5,529,508",0.71,"1,251,640",0.162,"84,247","116,349",0.059,"226,227",1566.568648,0.10693313
Oklahoma,OK,2020,"1,782,959","887,360","895,599","1,704,440",0.96,"76,807",0.04,"32,658",0.02,"20,932",0.01,"1,408,767",0.79,"368,775",0.207,"51,248","72,294",0.062,"-24,467",942.2339851,-0.025096388
Rhode Island,RI,2020,"5,895,908","2,955,249","2,940,659","5,150,413",0.87,"450,872",0.08,"117,368",0.02,"217,403",0.04,"4,480,576",0.76,"1,054,247",0.179,"67,125","88,304",0.035,"88,933",1015.757429,0.040955751
South Carolina,SC,2020,"578,803","296,007","282,796","536,008",0.93,"9,062",0.02,"24,513",0.04,"9,056",0.02,"436,049",0.75,"103,822",0.179,"65,204","86,911",0.037,"-2,545",929.3657162,0.01073266
West Virginia,WV,2020,"5,074,296","2,461,248","2,613,048","3,540,785",0.7,"1,384,973",0.27,"96,365",0.02,"111,795",0.02,"2,674,230",0.53,"913,013",0.18,"59,674","82,956",0.043,"34,419",1249.759829,0.082555204
Wisconsin,WI,2020,"733,583","385,667","347,916","532,234",0.73,"39,083",0.05,"148,357",0.2,"66,732",0.09,"537,962",0.73,"101,474",0.138,"88,121","109,524",0.046,910,1518.098867,0.082380408
Alabama,AL,2021,"7,359,197","3,678,381","3,680,816","5,632,065",0.77,"473,603",0.06,"438,521",0.06,"369,675",0.05,"5,322,581",0.72,"1,381,954",0.188,"74,568","101,316",0.043,"82,881",1640.232147,0.076535761
Alaska,AK,2021,"3,045,637","1,504,488","1,541,149","2,416,515",0.79,"495,612",0.16,"89,937",0.03,"67,838",0.02,"2,261,503",0.74,"538,842",0.177,"55,432","76,853",0.045,"19,746",1085.886977,0.090909706
Arkansas,AR,2021,"39,029,342","19,536,425","19,492,917","22,088,290",0.57,"2,829,724",0.07,"1,252,083",0.03,"7,067,135",0.18,"26,078,922",0.67,"6,158,902",0.158,"91,551","131,504",0.053,"-208,494",2251.544866,0.067668032
Delaware,DE,2021,"5,839,926","2,960,896","2,879,030","4,923,231",0.84,"331,146",0.06,"185,051",0.03,"292,259",0.05,"4,369,352",0.75,"915,661",0.157,"89,302","119,039",0.035,"27,857",2814.702177,0.166573909
Hawaii,HI,2021,"3,626,205","1,776,689","1,849,516","2,728,006",0.75,"501,228",0.14,"54,527",0.02,"214,181",0.06,"2,668,407",0.74,"663,712",0.183,"88,429","128,160",0.047,"20,608",1770.19297,0.105449906
Indiana,IN,2021,"1,018,396","494,657","523,739","694,175",0.68,"257,899",0.25,"16,799",0.02,"53,268",0.05,"769,749",0.76,"212,180",0.208,"82,174","105,438",0.043,"15,012",1602.734867,0.098495798
Kansas,KS,2021,"22,244,823","10,953,468","11,291,355","16,448,100",0.74,"3,940,493",0.18,"315,854",0.01,"872,174",0.04,"16,141,900",0.73,"4,794,414",0.216,"69,303","99,349",0.04,"463,695",1947.03096,0.176656155
Kentucky,KY,2021,"10,912,876","5,323,951","5,588,925","6,400,512",0.59,"3,669,298",0.34,"229,975",0.02,"591,612",0.05,"7,885,389",0.72,"1,644,275",0.151,"72,837","99,863",0.042,"113,310",1402.644604,0.114474246
Louisiana,LA,2021,"1,440,196","725,309","714,887","631,327",0.44,"56,951",0.04,"46,105",0.03,"812,862",0.56,"1,057,268",0.73,"294,654",0.205,"92,458","120,969",0.036,"-1,357",2761.874874,0.095343736
Massachusetts,MA,2021,"1,939,033","976,925","962,108","1,773,226",0.91,"28,658",0.01,"63,004",0.03,"50,687",0.03,"1,418,306",0.73,"329,530",0.17,"72,785","94,503",0.03,"38,110",1369.434924,0.044653946
Michigan,MI,2021,"12,582,032","6,229,035","6,352,997","8,967,181",0.71,"1,931,027",0.15,"249,682",0.02,"881,764",0.07,"9,076,287",0.72,"2,164,940",0.172,"76,708","106,728",0.048,"-89,437",1012.551304,0.050776151
Mississippi,MS,2021,"6,833,037","3,392,667","3,440,370","5,744,571",0.84,"769,996",0.11,"120,130",0.02,"218,761",0.03,"5,054,476",0.74,"1,157,426",0.169,"66,785","88,805",0.036,"27,052",1027.261716,0.088782251
Missouri,MO,2021,"3,200,517","1,607,659","1,592,858","2,901,495",0.91,"168,815",0.05,"53,062",0.02,"99,472",0.03,"2,390,845",0.75,"588,879",0.184,"69,588","92,695",0.029,"7,438",1023.726753,0.06300351
Nebraska,NE,2021,"2,937,150","1,473,791","1,463,359","2,520,276",0.86,"222,702",0.08,"95,498",0.03,"111,808",0.04,"2,138,560",0.73,"506,342",0.172,"68,925","93,221",0.036,"2,568",924.8741038,0.080845028
Nevada,NV,2021,"4,512,310","2,233,158","2,279,152","4,005,434",0.89,"432,293",0.1,"78,006",0.02,"91,658",0.02,"3,419,836",0.76,"791,113",0.175,"59,341","82,614",0.043,"2,916",1096.527812,0.11091216
New Mexico,NM,2021,"4,590,241","2,248,146","2,342,095","2,931,842",0.64,"1,526,386",0.33,"103,401",0.02,"104,841",0.02,"3,436,396",0.75,"780,061",0.17,"55,416","79,175",0.054,"-33,806",1190.828128,0.009529834
New York,NY,2021,"1,385,340","684,557","700,783","1,329,331",0.96,"35,473",0.03,"25,539",0.02,"25,566",0.02,"1,119,712",0.81,"312,893",0.226,"69,543","93,555",0.033,"13,093",1418.934636,0.056553561
North Dakota,ND,2021,"6,164,660","3,004,117","3,160,543","3,416,460",0.55,"2,006,889",0.33,"102,216",0.02,"496,728",0.08,"4,410,631",0.72,"1,042,779",0.169,"94,991","125,876",0.04,-469,1538.620522,0.081863991
Ohio,OH,2021,"6,981,974","3,419,487","3,562,487","5,434,894",0.78,"712,363",0.1,"75,889",0.01,"588,732",0.08,"5,139,152",0.74,"1,260,100",0.18,"94,488","133,823",0.041,"-2,749",1967.370959,0.11196425
Oklahoma,OK,2021,"10,034,118","4,979,089","5,055,029","8,095,147",0.81,"1,538,795",0.15,"186,247",0.02,"422,772",0.04,"7,661,198",0.76,"1,877,562",0.187,"66,986","91,856",0.046,"-16,693",1226.501174,0.099008861
Rhode Island,RI,2021,"5,717,184","2,869,638","2,847,546","4,773,841",0.83,"503,636",0.09,"139,810",0.02,"361,629",0.06,"4,250,764",0.74,"995,047",0.174,"82,338","109,737",0.032,"9,794",1161.689204,-0.040890763
South Carolina,SC,2021,"2,940,057","1,426,689","1,513,368","1,757,735",0.6,"1,123,520",0.38,"50,630",0.02,"40,773",0.01,"2,227,795",0.76,"513,184",0.175,"52,719","72,624",0.049,"-9,908",1194.443856,0.049327782
West Virginia,WV,2021,"6,177,957","3,046,351","3,131,606","5,224,769",0.85,"775,102",0.13,"134,987",0.02,"180,566",0.03,"4,705,971",0.76,"1,113,136",0.18,"64,811","88,586",0.037,"9,770",1018.228808,0.068112055
Wisconsin,WI,2021,"1,122,867","567,273","555,594","1,030,100",0.92,"9,696",0.01,"93,330",0.08,"19,065",0.02,"876,987",0.78,"226,136",0.201,"67,631","90,874",0.03,"18,596",1593.462591,0.226462348
Alabama,AL,2022,"1,967,923","988,837","979,086","1,708,233",0.87,"127,176",0.06,"54,699",0.03,"67,003",0.03,"1,422,853",0.72,"334,897",0.17,"69,597","94,599",0.023,"4,231",1050.333993,0.076417611
Alaska,AK,2022,"3,177,772","1,599,922","1,577,850","2,073,003",0.65,"387,145",0.12,"111,001",0.03,"377,564",0.12,"2,227,239",0.7,"538,491",0.169,"72,333","98,422",0.055,"33,781",1635.631467,0.015663004
Arkansas,AR,2022,"1,395,231","696,786","698,445","1,309,756",0.94,"33,641",0.02,"17,640",0.01,"52,264",0.04,"1,113,482",0.8,"281,983",0.202,"89,992","119,452",0.025,"6,239",1637.770494,0.064319198
Delaware,DE,2022,"9,261,699","4,564,704","4,696,995","6,003,611",0.65,"1,410,694",0.15,"139,267",0.02,"1,050,899",0.11,"6,453,101",0.7,"1,611,726",0.174,"96,346","134,191",0.05,"-5,431",1991.592932,0.142740614
Hawaii,HI,2022,"2,113,344","1,047,785","1,065,559","1,497,263",0.71,"71,966",0.03,"249,137",0.12,"59,363",0.03,"1,553,783",0.74,"404,784",0.192,"59,726","82,382",0.048,"-2,533",1278.765296,0.015283322
Indiana,IN,2022,"19,677,151","9,628,899","10,048,252","12,470,073",0.63,"3,462,837",0.18,"328,639",0.02,"2,024,780",0.1,"14,086,777",0.72,"3,564,596",0.181,"79,557","119,130",0.051,"-158,762",1551.872185,0.124516142
Kansas,KS,2022,"10,698,973","5,229,792","5,469,181","7,427,233",0.69,"2,436,403",0.23,"282,887",0.03,"439,392",0.04,"7,947,900",0.74,"1,866,614",0.174,"67,481","94,353",0.038,"147,811",1444.092522,0.115750023
Kentucky,KY,2022,"779,261","398,845","380,416","687,389",0.88,"32,372",0.04,"48,467",0.06,"17,199",0.02,"579,399",0.74,"130,293",0.167,"71,970","97,699",0.022,"4,313",924.8527507,0.031093515
Louisiana,LA,2022,"11,756,058","5,810,211","5,945,847","9,772,251",0.83,"1,705,461",0.15,"190,753",0.02,"376,575",0.03,"8,962,362",0.76,"2,168,665",0.184,"65,720","90,109",0.037,"-23,959",1043.097521,0.054400355
Massachusetts,MA,2022,"4,019,800","2,004,195","2,015,605","3,160,412",0.79,"392,236",0.1,"573,863",0.14,"130,527",0.03,"2,931,859",0.73,"661,996",0.165,"59,673","82,741",0.042,"33,161",1044.056567,-0.005192136
Michigan,MI,2022,"4,240,137","2,121,651","2,118,486","3,639,127",0.86,"140,010",0.03,"163,101",0.04,"288,867",0.07,"3,201,679",0.76,"816,714",0.193,"75,657","102,923",0.043,"-6,018",1650.97753,0.029522167
Mississippi,MS,2022,"12,972,008","6,399,830","6,572,178","10,496,046",0.81,"1,673,221",0.13,"179,855",0.01,"598,781",0.05,"9,969,837",0.77,"2,539,054",0.196,"71,798","100,015",0.043,"7,952",1205.70468,0.074816661
Missouri,MO,2022,"1,093,734","535,841","557,893","876,540",0.8,"111,535",0.1,"19,583",0.02,"49,896",0.05,"822,935",0.75,"206,117",0.188,"81,854","108,023",0.045,"-1,876",1798.990177,0.119745206
Nebraska,NE,2022,"5,282,634","2,569,909","2,712,725","3,669,988",0.69,"1,422,289",0.27,"93,007",0.02,"125,957",0.02,"4,038,730",0.76,"1,008,618",0.191,"64,115","88,704",0.044,"91,929",1494.07744,0.133203175
Nevada,NV,2022,"909,824","462,457","447,367","788,992",0.87,"31,480",0.03,"94,520",0.1,"20,571",0.02,"678,094",0.75,"165,909",0.182,"69,728","90,806",0.028,"14,448",1107.351633,0.108636083
New Mexico,NM,2022,"7,051,339","3,462,618","3,588,721","5,608,488",0.8,"1,222,072",0.17,"124,595",0.02,"181,166",0.03,"5,321,396",0.75,"1,217,964",0.173,"65,254","89,799",0.034,"76,121",1332.90704,0.113236749
New York,NY,2022,"30,029,572","15,021,141","15,008,431","21,197,710",0.71,"4,174,893",0.14,"745,891",0.02,"1,953,033",0.07,"19,944,824",0.66,"4,037,085",0.134,"72,284","101,738",0.044,"501,631",1305.428596,0.073116079
North Dakota,ND,2022,"3,380,800","1,716,117","1,664,683","2,963,863",0.88,"72,719",0.02,"79,942",0.02,"130,531",0.04,"2,292,929",0.68,"403,699",0.119,"89,168","114,044",0.027,"42,825",1821.038869,0.03876221
Ohio,OH,2022,"647,064","320,698","326,366","622,650",0.96,"13,652",0.02,"11,480",0.02,"16,724",0.03,"524,801",0.81,"139,827",0.216,"73,991","97,261",0.028,"1,494",1819.694929,0.126130351
Oklahoma,OK,2022,"8,683,619","4,299,314","4,384,305","5,960,289",0.69,"1,847,065",0.21,"142,118",0.02,"753,832",0.09,"6,414,892",0.74,"1,462,042",0.168,"85,873","119,058",0.036,"41,345",1516.635078,0.11213898
Rhode Island,RI,2022,"7,785,786","3,930,411","3,855,375","6,046,666",0.78,"478,437",0.06,"274,556",0.04,"988,085",0.13,"5,589,388",0.72,"1,309,142",0.168,"91,306","125,847",0.041,"47,094",1574.728351,0.005208647
South Carolina,SC,2022,"1,775,156","882,101","893,055","1,684,955",0.95,"83,409",0.05,"26,667",0.02,"22,559",0.01,"1,410,780",0.79,"376,162",0.212,"54,329","75,265",0.047,"-7,803",1001.089824,0.062464143
West Virginia,WV,2022,"5,892,539","2,958,771","2,933,768","5,188,177",0.88,"446,699",0.08,"119,776",0.02,"218,713",0.04,"4,511,381",0.77,"1,102,386",0.187,"70,996","94,085",0.028,"-3,369",1041.154639,0.025003223
Wisconsin,WI,2022,"581,381","297,855","283,526","538,604",0.93,"8,116",0.01,"23,632",0.04,"8,821",0.02,"442,829",0.76,"107,988",0.186,"70,042","90,018",0.038,"2,578",1018.546394,0.095958648
